hostname,fabric_role,netbox_role,site
sys1-ice2-p-swi-bel1,Leaf,be-leaf-switch,ice2
sys1-ice2-p-swi-bel2,Leaf,be-leaf-switch,ice2
sys1-ice2-p-swi-bel3,Leaf,be-leaf-switch,ice2
sys1-ice2-p-swi-bel4,Leaf,be-leaf-switch,ice2
sys1-ice2-p-swi-bel5,Leaf,be-leaf-switch,ice2
sys1-ice2-p-swi-bel6,Leaf,be-leaf-switch,ice2
sys1-ice2-p-swi-bel7,Leaf,be-leaf-switch,ice2
sys1-ice2-p-swi-bel8,Leaf,be-leaf-switch,ice2
sys1-ice2-p-swi-bel9,Leaf,be-leaf-switch,ice2
sys1-ice2-p-swi-bel10,Leaf,be-leaf-switch,ice2
sys1-ice2-p-swi-bel11,Leaf,be-leaf-switch,ice2
sys1-ice2-p-swi-bel12,Leaf,be-leaf-switch,ice2
sys1-ice2-p-swi-bel13,Leaf,be-leaf-switch,ice2
sys1-ice2-p-swi-bel14,Leaf,be-leaf-switch,ice2
sys1-ice2-p-swi-bel15,Leaf,be-leaf-switch,ice2
sys1-ice2-p-swi-bel16,Leaf,be-leaf-switch,ice2
sys1-ice2-p-swi-bel17,Leaf,be-leaf-switch,ice2
sys1-ice2-p-swi-bel18,Leaf,be-leaf-switch,ice2
sys1-ice2-p-swi-bel19,Leaf,be-leaf-switch,ice2
sys1-ice2-p-swi-bel20,Leaf,be-leaf-switch,ice2
sys1-ice2-p-swi-bel21,Leaf,be-leaf-switch,ice2
sys1-ice2-p-swi-bel22,Leaf,be-leaf-switch,ice2
sys1-ice2-p-swi-bel23,Leaf,be-leaf-switch,ice2
sys1-ice2-p-swi-bel24,Leaf,be-leaf-switch,ice2
sys1-ice2-p-swi-bel25,Leaf,be-leaf-switch,ice2
sys1-ice2-p-swi-bel26,Leaf,be-leaf-switch,ice2
sys1-ice2-p-swi-bel27,Leaf,be-leaf-switch,ice2
sys1-ice2-p-swi-bel28,Leaf,be-leaf-switch,ice2
sys1-ice2-p-swi-bel29,Leaf,be-leaf-switch,ice2
sys1-ice2-p-swi-bel30,Leaf,be-leaf-switch,ice2
sys1-ice2-p-swi-bel31,Leaf,be-leaf-switch,ice2
sys1-ice2-p-swi-bel32,Leaf,be-leaf-switch,ice2
sys1-ice2-p-swi-bel33,Leaf,be-leaf-switch,ice2
sys1-ice2-p-swi-bel34,Leaf,be-leaf-switch,ice2
sys1-ice2-p-swi-bel35,Leaf,be-leaf-switch,ice2
sys1-ice2-p-swi-bel36,Leaf,be-leaf-switch,ice2
sys1-ice2-p-swi-bel37,Leaf,be-leaf-switch,ice2
sys1-ice2-p-swi-bel38,Leaf,be-leaf-switch,ice2
sys1-ice2-p-swi-bel39,Leaf,be-leaf-switch,ice2
sys1-ice2-p-swi-bel40,Leaf,be-leaf-switch,ice2
sys1-ice2-p-swi-bel41,Leaf,be-leaf-switch,ice2
sys1-ice2-p-swi-bel42,Leaf,be-leaf-switch,ice2
sys1-ice2-p-swi-bel43,Leaf,be-leaf-switch,ice2
sys1-ice2-p-swi-bel44,Leaf,be-leaf-switch,ice2
sys1-ice2-p-swi-bel45,Leaf,be-leaf-switch,ice2
sys1-ice2-p-swi-bel46,Leaf,be-leaf-switch,ice2
sys1-ice2-p-swi-bel47,Leaf,be-leaf-switch,ice2
sys1-ice2-p-swi-bel48,Leaf,be-leaf-switch,ice2
sys1-ice2-p-swi-bel49,Leaf,be-leaf-switch,ice2
sys1-ice2-p-swi-bel50,Leaf,be-leaf-switch,ice2
sys1-ice2-p-swi-bel51,Leaf,be-leaf-switch,ice2
sys1-ice2-p-swi-bel52,Leaf,be-leaf-switch,ice2
sys1-ice2-p-swi-bel53,Leaf,be-leaf-switch,ice2
sys1-ice2-p-swi-bel54,Leaf,be-leaf-switch,ice2
sys1-ice2-p-swi-bel55,Leaf,be-leaf-switch,ice2
sys1-ice2-p-swi-bel56,Leaf,be-leaf-switch,ice2
sys1-ice2-p-swi-bel57,Leaf,be-leaf-switch,ice2
sys1-ice2-p-swi-bel58,Leaf,be-leaf-switch,ice2
sys1-ice2-p-swi-bel59,Leaf,be-leaf-switch,ice2
sys1-ice2-p-swi-bel60,Leaf,be-leaf-switch,ice2
sys1-ice2-p-swi-bel61,Leaf,be-leaf-switch,ice2
sys1-ice2-p-swi-bel62,Leaf,be-leaf-switch,ice2
sys1-ice2-p-swi-bel63,Leaf,be-leaf-switch,ice2
sys1-ice2-p-swi-bel64,Leaf,be-leaf-switch,ice2
sys1-ice2-p-swi-bes1,Spine,be-spine-switch,ice2
sys1-ice2-p-swi-bes2,Spine,be-spine-switch,ice2
sys1-ice2-p-swi-bes3,Spine,be-spine-switch,ice2
sys1-ice2-p-swi-bes4,Spine,be-spine-switch,ice2
sys1-ice2-p-swi-bes5,Spine,be-spine-switch,ice2
sys1-ice2-p-swi-bes6,Spine,be-spine-switch,ice2
sys1-ice2-p-swi-bes7,Spine,be-spine-switch,ice2
sys1-ice2-p-swi-bes8,Spine,be-spine-switch,ice2
sys1-ice2-p-swi-bes9,Spine,be-spine-switch,ice2
sys1-ice2-p-swi-bes10,Spine,be-spine-switch,ice2
sys1-ice2-p-swi-bes11,Spine,be-spine-switch,ice2
sys1-ice2-p-swi-bes12,Spine,be-spine-switch,ice2
sys1-ice2-p-swi-bes13,Spine,be-spine-switch,ice2
sys1-ice2-p-swi-bes14,Spine,be-spine-switch,ice2
sys1-ice2-p-swi-bes15,Spine,be-spine-switch,ice2
sys1-ice2-p-swi-bes16,Spine,be-spine-switch,ice2
sys1-ice2-p-swi-bes17,Spine,be-spine-switch,ice2
sys1-ice2-p-swi-bes18,Spine,be-spine-switch,ice2
sys1-ice2-p-swi-bes19,Spine,be-spine-switch,ice2
sys1-ice2-p-swi-bes20,Spine,be-spine-switch,ice2
sys1-ice2-p-swi-bes21,Spine,be-spine-switch,ice2
sys1-ice2-p-swi-bes22,Spine,be-spine-switch,ice2
sys1-ice2-p-swi-bes23,Spine,be-spine-switch,ice2
sys1-ice2-p-swi-bes24,Spine,be-spine-switch,ice2
sys1-ice2-p-swi-bes25,Spine,be-spine-switch,ice2
sys1-ice2-p-swi-bes26,Spine,be-spine-switch,ice2
sys1-ice2-p-swi-bes27,Spine,be-spine-switch,ice2
sys1-ice2-p-swi-bes28,Spine,be-spine-switch,ice2
sys1-ice2-p-swi-bes29,Spine,be-spine-switch,ice2
sys1-ice2-p-swi-bes30,Spine,be-spine-switch,ice2
sys1-ice2-p-swi-bes31,Spine,be-spine-switch,ice2
sys1-ice2-p-swi-bes32,Spine,be-spine-switch,ice2
sys1-ice2-p-swi-bes33,Spine,be-spine-switch,ice2
sys1-ice2-p-swi-bes34,Spine,be-spine-switch,ice2
sys1-ice2-p-swi-bes35,Spine,be-spine-switch,ice2
sys1-ice2-p-swi-bes36,Spine,be-spine-switch,ice2
